Wevsite,RSS Feed Name
zeltser.com,http://blog.zeltser.com/rss
WeSecureApp,https://wesecureapp.com/feed/
Webroot Threat Blog,https://www.webroot.com/blog/feed/
WebOrion,https://theweborion.com/feed/
We Live Security,http://feeds.feedburner.com/eset/blog
Vicente Aceituno Canal,https://medium.com/feed/@vaceituno
UpGuard Blog,https://www.upguard.com/blog/rss.xml
Troy Hunt,https://www.troyhunt.com/rss/
TrendMicroSimplySecurity,http://feeds.trendmicro.com/TrendMicroSimplySecurity
Trend Micro Simply Security,http://feeds.trendmicro.com/TrendMicroResearch
Threat Insight Blog - Cybersecurity Intelligence | Proofpoint RSS feed,https://www.proofpoint.com/us/rss.xml
theregister.co.uk,http://www.theregister.co.uk/security/headlines.atom
thehackernews.com,http://thehackernews.com/feeds/posts/default
thedfirreport.com,https://thedfirreport.com/feed/ SecurityWeek
The Last Watchdog,https://www.lastwatchdog.com/feed/
The Hacker News,http://feeds.feedburner.com/TheHackersNews?format=xml
techrepublic.com,https://www.techrepublic.com/rssfeeds/topic/security/?feedType=rssfeeds
Tao Security RSS feed,https://taosecurity.blogspot.com/feeds/posts/default?alt=rss
Stories by Teri Radichel,https://medium.com/feed/@2ndsightlab
Stories by Ivan Novikov,https://medium.com/feed/@d0znpp
seqrite.com,https://www.seqrite.com/blog/feed/
securityinnovation.com,https://blog.securityinnovation.com/rss.xml
securityaffairs.com,https://securityaffairs.com/feed
securityaffairs.co,http://securityaffairs.co/wordpress/feed
securelist.com,https://securelist.com/feed/
secureblitz.com,https://secureblitz.com/feed/
sectigostore.com,https://sectigostore.com/blog/feed/
researchcenter.paloaltonetworks.com,http://researchcenter.paloaltonetworks.com/feed/
pcisecuritystandards.org,https://blog.pcisecuritystandards.org/rss.xml
NIST.gov/blogs/cybersecurity-insights,https://www.nist.gov/blogs/cybersecurity-insights/rss.xml
Netsparker RSS feed,https://www.invicti.com/blog/feed/
mcafee.com,https://www.mcafee.com/blogs/feed/
marcoramilli.com,https://marcoramilli.com/feed/
malwarebytes.com/,https://www.malwarebytes.com/blog/feed/index.xml
lohrmann_on_infrastructure,http://feeds.feedburner.com/govtech/blogs/lohrmann_on_infrastructure
logpoint.com,https://www.logpoint.com/en/feed/
krebsonsecurity.com,http://krebsonsecurity.com/feed/
itgovernance.co.uk,https://www.itgovernance.co.uk/blog/category/cyber-security/feed
InfoSec Digest RSS feed,https://www.tsfactory.com/forums/blogs/category/infosec-digest/feed/
hexacorn.com,http://www.hexacorn.com/blog/feed/
helpnetsecurity.com,https://www.helpnetsecurity.com/feed/
heimdalsecurity.com/,https://heimdalsecurity.com/blog/feed/
grahamcluley.com,https://grahamcluley.com/feed/
feedburner.com,http://feeds.feedburner.com/Securityweek
feedburner.com,http://feeds.feedburner.com/hackread
exploitone.com,https://www.exploitone.com/feed/
erdalozkaya.com,https://erdalozkaya.com/feed/
davinciforensics.co.za,https://davinciforensics.co.za/cybersecurity/feed/
cyberpilot.io,https://www.cyberpilot.io/cyberpilot-blog/rss.xml
cyberhoot.com,https://cyberhoot.com/category/blog/feed/
cyberdefensemagazine.com,https://www.cyberdefensemagazine.com/feed/
cybercrimeswatch.com,https://www.cybercrimeswatch.com/feed/
cnsight.io,https://cnsight.io/blog/feed/
cm-alliance.com,https://www.cm-alliance.com/cybersecurity-blog/rss.xml
clearnetwork.com,https://www.clearnetwork.com/feed/
cisa.gov/cybersecurity-advisories,https://www.cisa.gov/cybersecurity-advisories/cybersecurity-advisories.xml
cheapsslshop.com,https://www.cheapsslshop.com/blog/feed
canarytrap.com,https://www.canarytrap.com/feed/
blogs.sans.org,https://blogs.sans.org/computer-forensics/feed/
bleepingcomputer.com,http://www.bleepingcomputer.com/feed/
blackfog.com,https://www.blackfog.com/feed/
be4sec.com,https://be4sec.com/feed/
adamlevin.com,https://adamlevin.com/feed/
acunetix.com,https://www.acunetix.com/blog/feed/
